

INSERT INTO CMS_PASSWORD_POLICY 
	( POLICY_ID, NUMBER_WARN_DAYS, PWD_MAX_AGE, MAX_REPEATED_CHARS,
	PWD_MIN_AGE, MIN_ALPHA_CHARS, PWD_MIN_LENGTH, PWD_MAX_LENGTH, 
	TIME_EXPIRE_LOCKOUT, PWD_HISTORY ) 
VALUES 
	( 1, 7, 30, 1, 1, 4, 6, 12, 0, 10); 
 
INSERT INTO CMS_ROLE_TYPE 
	( ROLETYPE_ID, ROLETYPE_NAME, PRIORITY, STATUS, VERSION_TIME ) 
VALUES 
	( 0, 'CMS USER', 0, 'A', 0); 

INSERT INTO CMS_TEAM_TYPE 
	( TEAM_TYPE_ID, BUSINESS_CODE, DESCRIPTION, PARENT_ID, IS_ADD_ALLOWED,
	VERSION_TIME, STATUS, PEER_ORDER ) 
VALUES 
	( 1, 'SAC', 'Credit Support Administration', 0, 'Y', 0, 'A', 4); 
	
INSERT INTO CMS_TEAM_TYPE 
	( TEAM_TYPE_ID, BUSINESS_CODE, DESCRIPTION, PARENT_ID, IS_ADD_ALLOWED,
	VERSION_TIME, STATUS, PEER_ORDER ) 
VALUES ( 2, 'SC', 'Standard Code Administrator', 0, 'Y', 0, 'A', 14); 

INSERT INTO CMS_TEAM_TYPE 
	( TEAM_TYPE_ID, BUSINESS_CODE, DESCRIPTION, PARENT_ID, IS_ADD_ALLOWED,
	VERSION_TIME, STATUS, PEER_ORDER ) 
VALUES 
	( 3, 'SYSTEMADMIN', 'System Administrator', 0, 'Y', 0, 'A', 15); 
	
INSERT INTO CMS_TEAM_TYPE 
	( TEAM_TYPE_ID, BUSINESS_CODE, DESCRIPTION, PARENT_ID, IS_ADD_ALLOWED,
	VERSION_TIME, STATUS, PEER_ORDER ) 
VALUES 
	( 4, 'CUSTODIAN', 'Custodian', 0, 'Y', 0, 'A', 20);	
	
INSERT INTO CMS_TEAM_TYPE 
	( TEAM_TYPE_ID, BUSINESS_CODE, DESCRIPTION, PARENT_ID, IS_ADD_ALLOWED,
	VERSION_TIME, STATUS, PEER_ORDER ) 
VALUES 
	( 5, 'AM', 'Account Manager', 0, 'Y', 0, 'A', 8); 

INSERT INTO CMS_TEAM_TYPE 
	( TEAM_TYPE_ID, BUSINESS_CODE, DESCRIPTION, PARENT_ID, IS_ADD_ALLOWED,
	VERSION_TIME, STATUS, PEER_ORDER ) 
VALUES 
	( 6, 'GAM', 'Group Account Manager ', 0, 'Y', 0, 'A', 9); 
	
INSERT INTO CMS_TEAM_TYPE 
	( TEAM_TYPE_ID, BUSINESS_CODE, DESCRIPTION, PARENT_ID, IS_ADD_ALLOWED,
	VERSION_TIME, STATUS, PEER_ORDER ) 
VALUES 
	( 7, 'CR', 'Credit Risk', 0, 'Y', 0, 'A', 10); 


INSERT INTO CMS_MEMBERSHIP_TYPE 
	( MEMBERSHIP_TYPE_ID, TYPE_NAME, PRIORITY ) 
VALUES 
	( 1, 'Maker', 1); 

INSERT INTO CMS_MEMBERSHIP_TYPE 
	( MEMBERSHIP_TYPE_ID, TYPE_NAME, PRIORITY ) 
VALUES 
	( 2, 'Checker', 2); 
		
INSERT INTO CMS_MEMBERSHIP_TYPE 
	( MEMBERSHIP_TYPE_ID, TYPE_NAME, PRIORITY ) 
VALUES 
	( 3, 'User', 3); 

	
INSERT INTO CMS_TEAM_TYPE_MEMBERSHIP 
	( TEAM_TYPE_MEMBERSHIP_ID, INCLUDE_IN_ROUTING, TEAM_TYPE_ID, MAX_ALLOWED, 
	VERSION_TIME, STATUS, MEMBERSHIP_TYPE_ID, MEMBERSHIP_NAME, ROLETYPE_ID ) 
VALUES 
	( 2, 'Y', 4, 999, 0, 'A', 1, 'Custodian Maker', 0); 

INSERT INTO CMS_TEAM_TYPE_MEMBERSHIP 
	( TEAM_TYPE_MEMBERSHIP_ID, INCLUDE_IN_ROUTING, TEAM_TYPE_ID, MAX_ALLOWED, 
	VERSION_TIME, STATUS, MEMBERSHIP_TYPE_ID, MEMBERSHIP_NAME, ROLETYPE_ID ) 
VALUES 
	( 3, 'Y', 4, 999, 0, 'A', 2, 'Custodian Checker', 0);	
	
INSERT INTO CMS_TEAM_TYPE_MEMBERSHIP 
	( TEAM_TYPE_MEMBERSHIP_ID, INCLUDE_IN_ROUTING, TEAM_TYPE_ID, MAX_ALLOWED, 
	VERSION_TIME, STATUS, MEMBERSHIP_TYPE_ID, MEMBERSHIP_NAME, ROLETYPE_ID ) 
VALUES 
	( 6, 'Y', 2, 999, 1, 'A', 1, 'SC Maker', 0); 

INSERT INTO CMS_TEAM_TYPE_MEMBERSHIP 
	( TEAM_TYPE_MEMBERSHIP_ID, INCLUDE_IN_ROUTING, TEAM_TYPE_ID, MAX_ALLOWED, 
	VERSION_TIME, STATUS, MEMBERSHIP_TYPE_ID, MEMBERSHIP_NAME, ROLETYPE_ID ) 
VALUES 
	( 7, 'Y', 2, 999, 1, 'A', 2, 'SC Checker', 0); 

INSERT INTO CMS_TEAM_TYPE_MEMBERSHIP 
	( TEAM_TYPE_MEMBERSHIP_ID, INCLUDE_IN_ROUTING, TEAM_TYPE_ID, MAX_ALLOWED, 
	VERSION_TIME, STATUS, MEMBERSHIP_TYPE_ID, MEMBERSHIP_NAME, ROLETYPE_ID ) 
VALUES 
	( 8, 'Y', 3, 999, 0, 'A', 1, 'Sys Admin Maker', 0); 

INSERT INTO CMS_TEAM_TYPE_MEMBERSHIP 
	( TEAM_TYPE_MEMBERSHIP_ID, INCLUDE_IN_ROUTING, TEAM_TYPE_ID, MAX_ALLOWED, 
	VERSION_TIME, STATUS, MEMBERSHIP_TYPE_ID, MEMBERSHIP_NAME, ROLETYPE_ID ) 
VALUES 
	( 9, 'Y', 3, 999, 0, 'A', 2, 'Sys Admin Checker', 0); 
	
INSERT INTO CMS_TEAM_TYPE_MEMBERSHIP 
	( TEAM_TYPE_MEMBERSHIP_ID, INCLUDE_IN_ROUTING, TEAM_TYPE_ID, MAX_ALLOWED, 
	VERSION_TIME, STATUS, MEMBERSHIP_TYPE_ID, MEMBERSHIP_NAME, ROLETYPE_ID ) 
VALUES 
	( 10, 'Y', 1, 999, 0, 'A', 1, 'CSA Maker', 0); 
	
INSERT INTO CMS_TEAM_TYPE_MEMBERSHIP 
	( TEAM_TYPE_MEMBERSHIP_ID, INCLUDE_IN_ROUTING, TEAM_TYPE_ID, MAX_ALLOWED, 
	VERSION_TIME, STATUS, MEMBERSHIP_TYPE_ID, MEMBERSHIP_NAME, ROLETYPE_ID ) 
VALUES 
	( 11, 'Y', 1, 999, 0, 'A', 2, 'CSA Checker', 0); 

INSERT INTO CMS_TEAM_TYPE_MEMBERSHIP 
	( TEAM_TYPE_MEMBERSHIP_ID, INCLUDE_IN_ROUTING, TEAM_TYPE_ID, MAX_ALLOWED, 
	VERSION_TIME, STATUS, MEMBERSHIP_TYPE_ID, MEMBERSHIP_NAME, ROLETYPE_ID ) 
VALUES 
	( 26, 'Y', 5, 999, 0, 'A', 1, 'AM Maker', 0); 
	
INSERT INTO CMS_TEAM_TYPE_MEMBERSHIP 
	( TEAM_TYPE_MEMBERSHIP_ID, INCLUDE_IN_ROUTING, TEAM_TYPE_ID, MAX_ALLOWED, 
	VERSION_TIME, STATUS, MEMBERSHIP_TYPE_ID, MEMBERSHIP_NAME, ROLETYPE_ID ) 
VALUES 
	( 27, 'Y', 5, 999, 0, 'A', 2, 'AM Checker', 0); 

	
INSERT INTO CMS_TEAM_TYPE_MEMBERSHIP 
	( TEAM_TYPE_MEMBERSHIP_ID, INCLUDE_IN_ROUTING, TEAM_TYPE_ID, MAX_ALLOWED, 
	VERSION_TIME, STATUS, MEMBERSHIP_TYPE_ID, MEMBERSHIP_NAME, ROLETYPE_ID ) 
VALUES 
	( 14, 'Y', 6, 999, 0, 'A', 3, 'GAM User', 0); 
	
	
INSERT INTO CMS_TEAM_TYPE_MEMBERSHIP 
	( TEAM_TYPE_MEMBERSHIP_ID, INCLUDE_IN_ROUTING, TEAM_TYPE_ID, MAX_ALLOWED, 
	VERSION_TIME, STATUS, MEMBERSHIP_TYPE_ID, MEMBERSHIP_NAME, ROLETYPE_ID ) 
VALUES 
	( 15, 'Y', 7, 999, 0, 'A', 3, 'CR User', 0); 
	

INSERT INTO CMS_FUNCTION_GROUP values
(next value for function_grp_seq, 'Pre-Disbursement' , 'label.function.pre.disbursement');

INSERT INTO CMS_FUNCTION_GROUP values
(next value for function_grp_seq, 'Disbursement' , 'label.function.disbursement');

INSERT INTO CMS_FUNCTION_GROUP values
(next value for function_grp_seq, 'Post-Disbursement' , 'label.function.post.disbursement');

COMMIT WORK;


