/*********************************
	SA Maker and Checker
	PASSWORD: password1
*********************************/	

INSERT INTO CMS_USER 
	( USER_ID, USER_NAME, OFFICER_CODE, EMPLOYEE_ID, DEPARTMENT, POSITION,
	PHONE_NUMBER, EMAIL_ID, LOGIN_ID, PASSWORD, STATUS, VERSION_TIME,
	ROLETYPE_ID, COUNTRY, ORGANISATION ) 
VALUES 
	(20070101000001, 'SA_MAKER', NULL, NULL, NULL, NULL, NULL, 'system@integrosys.com', 
	'SA_MAKER', NULL, 'A', NULL, 0, 'MY', '111');

INSERT INTO CMS_USER 
	( USER_ID, USER_NAME, OFFICER_CODE, EMPLOYEE_ID, DEPARTMENT, POSITION,
	PHONE_NUMBER, EMAIL_ID, LOGIN_ID, PASSWORD, STATUS, VERSION_TIME,
	ROLETYPE_ID, COUNTRY, ORGANISATION ) 
VALUES 
	(20070101000002, 'SA_CHECKER', NULL, NULL, NULL, NULL, NULL, 'system@integrosys.com', 
	'SA_CHECKER', NULL, 'A', NULL, 0, 'MY', '111');
	
INSERT INTO CMS_AUTHENTICATION 
	( LOGIN_ID, ROLE, PASSWORD, PWD_SET_DATE, FORCE_PWD_CHANGE,
	LAST_LOGIN_TIME, LAST_LOGOUT_TIME, STATUS, LOGIN_ATTEMPTS,
	FORCE_LOGINID_CHANGE, SECONDARY_PWD, SECONDARY_PWD_SET_DATE, 
	FORCE_SECONDARY_PWD_CHANGE, SECONDARY_PWD_ATTEMPTS, SECONDARY_PWD_STATUS,
	SESSION_EXPIRY, PASSWORD_POLICY_ID, CREDENTIALS_REF_ID ) 
VALUES 
	('SA_MAKER', 'losuser', 'A22548A2ABF25D9D104403EB05F4FB03E00675A5',
	current timestamp, NULL, current timestamp, current timestamp, 
	'ACTIVE', 0, NULL, NULL, NULL, '1', 0, NULL, 0, 1, 1);

INSERT INTO CMS_AUTHENTICATION 
	( LOGIN_ID, ROLE, PASSWORD, PWD_SET_DATE, FORCE_PWD_CHANGE,
	LAST_LOGIN_TIME, LAST_LOGOUT_TIME, STATUS, LOGIN_ATTEMPTS,
	FORCE_LOGINID_CHANGE, SECONDARY_PWD, SECONDARY_PWD_SET_DATE, 
	FORCE_SECONDARY_PWD_CHANGE, SECONDARY_PWD_ATTEMPTS, SECONDARY_PWD_STATUS,
	SESSION_EXPIRY, PASSWORD_POLICY_ID, CREDENTIALS_REF_ID ) 
VALUES 
	('SA_CHECKER', 'losuser', 'BCBA1CB14FD33B31A093B095C05E9734EF479DDB',
	current timestamp, NULL,  current timestamp, current timestamp, 
	'ACTIVE', 0, NULL, NULL, NULL, '1', 0, NULL, 0, 1, 1);

INSERT INTO CMS_TEAM_MEMBERSHIP 
	( TEAM_MEMBERSHIP_ID, TEAM_ID, TEAM_TYPE_MEMBERSHIP_ID ) 
VALUES 
	(20070101000001, 20070101000001, 8);
	
INSERT INTO CMS_TEAM_MEMBERSHIP 
	( TEAM_MEMBERSHIP_ID, TEAM_ID, TEAM_TYPE_MEMBERSHIP_ID ) 
VALUES 
	(20070101000002, 20070101000001, 9);


INSERT INTO CMS_TEAM 
	( TEAM_ID, CODE, ABBREVIATION, DESCRIPTION, PARENT_ID, CCRIS_CODE,
	TEAM_TYPE_ID, VERSION_TIME, STATUS ) 
VALUES 
	(20070101000001, 'SETUP', 'SETUP', 'Sys Admin SETUP TEAM', 0, NULL, 3, null, 'A');

INSERT INTO STAGE_TEAM 
	( TEAM_ID, CODE, ABBREVIATION, DESCRIPTION, PARENT_ID, CCRIS_CODE,
	TEAM_TYPE_ID, VERSION_TIME, STATUS ) 
VALUES 
	(20070101000001, 'SETUP', 'SETUP', 'Sys Admin SETUP TEAM', 0, NULL, 3, null, 'A');


INSERT INTO CMS_TEAM_COUNTRY_CODE 
	( CODE_ID, COUNTRY_CODE, TEAM_ID ) 
VALUES
	(20070101000001, 'MY', 20070101000001);
	
INSERT INTO STAGE_TEAM_COUNTRY_CODE 
	( CODE_ID, COUNTRY_CODE, TEAM_ID ) 
VALUES
	(20070101000001, 'MY', 20070101000001);	

insert into cms_team_organisation_code
select 20070101000000 + next value for TEAM_ORGANISATION_SEQ, entry_code, 20070101000001
from common_code_category_entry where category_code = '40';

insert into stage_team_organisation_code
select 20070101000000 + next value for TEAM_ORGANISATION_SEQ, entry_code, 20070101000001
from common_code_category_entry where category_code = '40';
	
-- insert into CMS_TEAM_SEGMENT_CODE
-- select 20070101000000 + next value for TEAM_SEGMENT_SEQ, entry_code, 20070101000001
-- from common_code_category_entry where category_code = '5';

-- insert into STAGE_TEAM_SEGMENT_CODE
-- select 20070101000000 + next value for TEAM_SEGMENT_SEQ, entry_code, 20070101000001
-- from common_code_category_entry where category_code = '5';

insert into CMS_TEAM_SEGMENT_CODE
select 20070101000000 + next value for TEAM_SEGMENT_SEQ, entry_code, 20070101000001
from common_code_category_entry where category_code = 'APPLICATION_TYPE' and active_status = '1';

insert into STAGE_TEAM_SEGMENT_CODE
select 20070101000000 + next value for TEAM_SEGMENT_SEQ, entry_code, 20070101000001
from common_code_category_entry where category_code = 'APPLICATION_TYPE' and active_status = '1';

-- insert into CMS_TEAM_CMS_SEGMENT_CODE
-- select 20070101000000 + next value for TEAM_CMS_SEGMENT_SEQ, entry_code, 20070101000001
-- from common_code_category_entry where category_code = '5';

-- insert into STAGE_TEAM_CMS_SEGMENT_CODE
-- select 20070101000000 + next value for TEAM_CMS_SEGMENT_SEQ, entry_code, 20070101000001
-- from common_code_category_entry where category_code = '5';

insert into cms_team_org_group_code
select 20070101000000 + next value for TEAM_ORG_GROUP_CODE_SEQ, entry_code, 20070101000001
from common_code_category_entry where category_code = 'CENTRE';

insert into stage_team_org_group_code
select 20070101000000 + next value for TEAM_ORG_GROUP_CODE_SEQ, entry_code, 20070101000001
from common_code_category_entry where category_code = 'CENTRE';

INSERT INTO CMS_TEAM_MEMBER 
	( TEAM_MEMBER_ID, USER_ID, TEAM_MEMBERSHIP_ID ) 
VALUES 
	(20070101000001, 20070101000001, 20070101000001);
	
INSERT INTO STAGE_TEAM_MEMBER 
	( TEAM_MEMBER_ID, USER_ID, TEAM_MEMBERSHIP_ID ) 
VALUES 
	(20070101000001, 20070101000001, 20070101000001);	
	
INSERT INTO CMS_TEAM_MEMBER 
	( TEAM_MEMBER_ID, USER_ID, TEAM_MEMBERSHIP_ID ) 
VALUES 
	(20070101000002, 20070101000002, 20070101000002);
	
INSERT INTO STAGE_TEAM_MEMBER 
	( TEAM_MEMBER_ID, USER_ID, TEAM_MEMBERSHIP_ID ) 
VALUES 
	(20070101000002, 20070101000002, 20070101000002);	

INSERT INTO TRANSACTION 
	( TRANSACTION_ID, FROM_STATE, USER_ID, TRANSACTION_TYPE, CREATION_DATE,
	TRANSACTION_DATE, REFERENCE_ID, STATUS, STAGING_REFERENCE_ID, TEAM_ID, 
	VERSION, REMARKS,TRX_REFERENCE_ID, OPSDESC, LEGAL_NAME, LEGAL_ID, 
	CUSTOMER_NAME, CUSTOMER_ID, TRX_ORIGIN_COUNTRY,TRX_ORIGIN_ORGANISATION, 
	LIMIT_PROFILE_ID, TRX_SEGMENT )
VALUES 
	( '20070105000001', 'ND', 0, 'USER',  current timestamp,  current timestamp, 
	20070101000001, 'ACTIVE', 20070101000001, 0, NULL, NULL, NULL, 'SYSTEM_CREATION', 
	NULL, NULL, NULL, NULL, NULL, NULL, NULL, NULL);

INSERT INTO TRANS_HISTORY 
	( TR_HISTORY_ID, TRANSACTION_ID, FROM_STATE, TO_STATE, USER_ID,
	TRANSACTION_TYPE, CREATION_DATE, TRANSACTION_DATE, REFERENCE_ID, 
	STATUS, STAGING_REFERENCE_ID,TEAM_ID, VERSION, REMARKS, OPSDESC, 
	CURCYCLE, TO_USER_ID, TO_GROUP_ID, TRX_REFERENCE_ID, LEGAL_NAME, LEGAL_ID, 
	CUSTOMER_NAME, CUSTOMER_ID, TRX_ORIGIN_COUNTRY, TRX_ORIGIN_ORGANISATION, 
	LIMIT_PROFILE_ID,TRX_SEGMENT )
VALUES 
	( 20070105000001, '20070105000001', 'ND', 'ACTIVE', 0, 'USER',  current timestamp,  
	current timestamp, '20070101000001', 'ACTIVE', '20070101000001', 0, NULL, NULL, 
	'SYSTEM_CREATION', NULL, NULL, NULL, NULL, NULL, NULL, NULL, 0, NULL, NULL, 0, NULL);

INSERT INTO TRANSACTION 
	( TRANSACTION_ID, FROM_STATE, USER_ID, TRANSACTION_TYPE, CREATION_DATE,
	TRANSACTION_DATE, REFERENCE_ID, STATUS, STAGING_REFERENCE_ID, TEAM_ID, 
	VERSION, REMARKS,TRX_REFERENCE_ID, OPSDESC, LEGAL_NAME, LEGAL_ID, 
	CUSTOMER_NAME, CUSTOMER_ID, TRX_ORIGIN_COUNTRY,TRX_ORIGIN_ORGANISATION, 
	LIMIT_PROFILE_ID, TRX_SEGMENT )
VALUES 
	( '20070105000002', 'ND', 0, 'USER',  current timestamp,  current timestamp, 
	20070101000002, 'ACTIVE', 20070101000002, 0, NULL, NULL, NULL, 'SYSTEM_CREATION', 
	NULL, NULL, NULL, NULL, NULL, NULL, NULL, NULL);

INSERT INTO TRANS_HISTORY 
	( TR_HISTORY_ID, TRANSACTION_ID, FROM_STATE, TO_STATE, USER_ID,
	TRANSACTION_TYPE, CREATION_DATE, TRANSACTION_DATE, REFERENCE_ID, 
	STATUS, STAGING_REFERENCE_ID,TEAM_ID, VERSION, REMARKS, OPSDESC, 
	CURCYCLE, TO_USER_ID, TO_GROUP_ID, TRX_REFERENCE_ID, LEGAL_NAME, LEGAL_ID, 
	CUSTOMER_NAME, CUSTOMER_ID, TRX_ORIGIN_COUNTRY, TRX_ORIGIN_ORGANISATION, 
	LIMIT_PROFILE_ID,TRX_SEGMENT )
VALUES 
	( 20070105000002, '20070105000002', 'ND', 'ACTIVE', 0, 'USER',  current timestamp,  
	current timestamp, '20070101000002', 'ACTIVE', '20070101000002', 0, NULL, NULL, 
	'SYSTEM_CREATION', NULL, NULL, NULL, NULL, NULL, NULL, NULL, 0, NULL, NULL, 0, NULL);

INSERT INTO TRANSACTION 
	( TRANSACTION_ID, FROM_STATE, USER_ID,
	TRANSACTION_TYPE, CREATION_DATE,TRANSACTION_DATE, REFERENCE_ID, STATUS,
	STAGING_REFERENCE_ID, TEAM_ID, VERSION, REMARKS,TRX_REFERENCE_ID, OPSDESC,
	LEGAL_NAME, LEGAL_ID, CUSTOMER_NAME, CUSTOMER_ID,
	TRX_ORIGIN_COUNTRY,TRX_ORIGIN_ORGANISATION, LIMIT_PROFILE_ID, TRX_SEGMENT )
VALUES 
	( '20070105000003', 'ND', 0, 'TEAM',  current timestamp,  current timestamp, 20070101000001, 
	'ACTIVE', 20070101000001, 0, NULL, NULL, NULL, 'SYSTEM_CREATION', NULL, 
	NULL, NULL, NULL, NULL, NULL, NULL, NULL);

INSERT INTO TRANS_HISTORY 
	( TR_HISTORY_ID, TRANSACTION_ID, FROM_STATE, TO_STATE, USER_ID,
	TRANSACTION_TYPE, CREATION_DATE, TRANSACTION_DATE, REFERENCE_ID, 
	STATUS, STAGING_REFERENCE_ID,TEAM_ID, VERSION, REMARKS, OPSDESC, 
	CURCYCLE, TO_USER_ID, TO_GROUP_ID, TRX_REFERENCE_ID, LEGAL_NAME, LEGAL_ID, 
	CUSTOMER_NAME, CUSTOMER_ID, TRX_ORIGIN_COUNTRY, TRX_ORIGIN_ORGANISATION, 
	LIMIT_PROFILE_ID,TRX_SEGMENT )
VALUES 
	( 20070105000003, '20070105000003', 'ND', 'ACTIVE', 0, 'TEAM',  current timestamp,  
	current timestamp, '20070101000001', 'ACTIVE', '20070101000001', 0, NULL, NULL, 
	'SYSTEM_CREATION', NULL, NULL, NULL, NULL, NULL, NULL, NULL, 0, NULL, NULL, 0, NULL);


insert into stage_user select * from cms_user where user_id = 20070101000001;
 
insert into stage_user select * from cms_user where user_id = 20070101000002;




COMMIT WORK;


